feature,importance
TradeBalance,3.7560377915231973
Consumption,2.149665232554697
Investment,0.7412534104558957
unemployment,0.041568712623578176
inflation,-0.058622474573295794
