feature,importance
Consumption,1.4386997519895923
Investment,0.16621869348701326
TradeBalance,0.018872013646080245
unemployment,0.015498968906756306
inflation,-0.01955258826139472
