feature,importance
Consumption,1.3135391084368089
GDP_lag1,0.06786736822438987
TradeBalance,0.03727462604950473
Investment,0.03485493591313928
unemployment,0.016028342171168795
WorkingAgePop,0.005221547268896054
DependencyRatio,-0.0010549639299438974
inflation,-0.012071411697186485
