feature,importance
Consumption,2.93451075208799
TradeBalance,1.1677564405691048
Investment,0.26321140937250587
inflation,0.030184928690077238
unemployment,-0.001977187323162044
