feature,importance
Consumption,0.6880873112228412
Investment,0.20117758641922387
GDP_lag1,0.11031662513644243
inflation,0.055511859198222935
TradeBalance,0.050365464101360544
unemployment,-0.0005649585652344302
DependencyRatio,-0.002447410595379762
WorkingAgePop,-0.0024574973937798394
