feature,importance
Consumption,0.38623408692857264
TradeBalance,0.18819498899922132
Investment,0.03937939281348161
inflation,0.0056128928499489025
unemployment,-0.0023349692414862955
