feature,importance
Consumption,6.10668481254919
TradeBalance,1.9973015781146857
Investment,0.7407665926943718
inflation,0.4854733317504441
unemployment,0.02935056528628759
