feature,importance
Consumption,0.508367924793965
Investment,0.14051079044486497
DependencyRatio,0.02765423639517902
inflation,0.003940104956332902
WorkingAgePop,0.003932820665944803
TradeBalance,0.0035940924956401
GDP_lag1,0.0012150330522990415
unemployment,-0.0026658016677296057
