feature,importance
Consumption,0.8088270792914944
Investment,0.15248168038860302
TradeBalance,0.008700097145586515
unemployment,-7.395315414172598e-05
inflation,-0.004582794745056273
