feature,importance
Investment,0.9710801686128757
Consumption,0.6665161606836912
TradeBalance,0.030361930064307062
inflation,-0.0002352651169925446
unemployment,-0.003283879562857617
