feature,importance
Consumption,0.5330862570790039
inflation,0.31643214437127964
Investment,0.29906944097398397
TradeBalance,0.1433025651792174
unemployment,-0.009346718807539688
