feature,importance
Consumption,1.5557870890266785
TradeBalance,0.008507306582992369
Investment,0.008459339220090534
unemployment,0.0035774717093132956
inflation,0.00045661781936499055
