feature,importance
Consumption,2.362231367968386
TradeBalance,0.19331128857375
inflation,0.02626239737475632
unemployment,0.00302441207094688
Investment,0.0007173772908768194
