feature,importance
Investment,2.0609727189903553
Consumption,1.0831633727942118
GDP_lag1,0.9075727307754125
WorkingAgePop,0.85844470060053
TradeBalance,0.4009190271821753
DependencyRatio,0.02383724335082338
unemployment,0.019076701901514205
inflation,0.003797266271303301
