feature,importance
Consumption,2.0562390998694844
TradeBalance,0.09008392359672915
Investment,0.07427911408550948
inflation,0.00047375167602986545
unemployment,0.0004391893068680597
