feature,importance
Consumption,0.8303211658370108
Investment,0.04485395259717365
TradeBalance,0.002822638780430764
unemployment,-0.007357020707459671
inflation,-0.010776033995312994
