feature,importance
TradeBalance,9.686812276992356
Investment,4.552072420455994
Consumption,0.9575046965610012
inflation,0.030104583608124978
unemployment,0.0036691225887207413
