feature,importance
Consumption,0.4468406720022532
TradeBalance,0.18785332978510016
Investment,0.057913624849646364
inflation,0.006487063998552023
unemployment,0.0010631930559730552
