feature,importance
Consumption,0.728190821953952
inflation,0.006349210249912052
TradeBalance,0.00020613018762776213
unemployment,-0.0010845190771679337
Investment,-0.144854221543729
