feature,importance
Consumption,0.5264823289094207
TradeBalance,0.23546316305649967
Investment,0.08489888741009438
inflation,0.0037711666078377505
unemployment,0.00014506055014988916
