feature,importance
TradeBalance,3.2645426651759677
Investment,1.454263268489213
Consumption,1.1190292849222838
unemployment,0.15782371286400468
inflation,-0.09013299683327639
