feature,importance
Investment,7.093786673565901
Consumption,0.8026161100867579
TradeBalance,0.5570494117270111
inflation,0.28305882713289066
unemployment,-0.2566846980220454
