feature,importance
Consumption,0.0
inflation,-0.0005208688968553865
unemployment,-0.0018074217452731744
TradeBalance,-0.006761472083925213
Investment,-0.012094032916821984
