feature,importance
Investment,5.082562732771811
TradeBalance,3.979107388303008
Consumption,3.7556439945517655
unemployment,-0.011969789457409518
inflation,-0.06402245089882345
