feature,importance
Consumption,2.138381272200576
TradeBalance,1.4374503923526436
inflation,0.5713232982893712
Investment,0.4197347226042102
unemployment,0.029321894389314762
