feature,importance
Consumption,0.6314776604164771
TradeBalance,0.20822508723280347
Investment,0.16116923786863172
inflation,0.0066149787671973105
unemployment,-0.0019205547289835923
