feature,importance
Consumption,1.7883210899738458
TradeBalance,0.06391777389317377
Investment,0.04540904697762067
unemployment,0.009433584981943788
inflation,-0.0027638574421778085
