feature,importance
Consumption,0.3891718591798603
Investment,0.30653273066349407
inflation,0.0722586131631666
unemployment,-0.0014306128072677504
TradeBalance,-0.08274167837878456
