feature,importance
Consumption,0.6102799457276001
Investment,0.10505566412589758
inflation,0.09486948183395251
unemployment,0.00044747048563349435
TradeBalance,-0.05828417366608485
