feature,importance
unemployment,-0.25278929138036055
Consumption,-0.30904889898060184
TradeBalance,-0.48805251707085173
Investment,-0.9883286833533717
inflation,-1.445315888046296
