feature,importance
Consumption,1.3267862820216956
TradeBalance,0.05954274885472146
Investment,0.013171474492722957
inflation,0.0012997983658035507
unemployment,-5.486423534682983e-05
