feature,importance
Consumption,0.8681008846810616
TradeBalance,0.23061423580825693
Investment,0.024944377523505222
inflation,0.00851982351970918
unemployment,0.0007977808940748066
