feature,importance
Investment,0.0164351007111875
inflation,0.00890814062303713
Consumption,0.0
unemployment,-0.006693645212731835
TradeBalance,-0.012667489968532486
