feature,importance
Consumption,0.8110945819403315
Investment,0.12028341729190692
unemployment,0.004773152195089603
inflation,0.0032066318756856504
TradeBalance,0.0028694361485502194
