feature,importance
TradeBalance,0.1677367563114261
unemployment,0.004528276103931961
Investment,-0.022630621863893575
inflation,-0.024711944395454676
Consumption,-0.1693053489526785
