feature,importance
TradeBalance,0.06724067973658117
inflation,0.01191658821101158
Investment,0.010189107035175216
unemployment,-0.01614237643626972
Consumption,-0.07605329951521766
