feature,importance
Consumption,1.7621689550443247
TradeBalance,0.43662003788135334
unemployment,0.013196552378310477
Investment,0.012257448111848635
inflation,-0.004631263249367745
