feature,importance
Consumption,0.5674174661037694
inflation,0.08179617582937017
unemployment,-0.0001854096332503996
Investment,-0.3132942698766926
TradeBalance,-0.3991737826316097
