feature,importance
Consumption,0.8882153086165809
Investment,0.3107648077711139
inflation,0.20113334963314528
TradeBalance,0.08639712438289522
unemployment,-0.000761904025535487
