feature,importance
Investment,2.6360837392160175
TradeBalance,1.5278624780555092
Consumption,0.7055355040830941
inflation,-0.00826767425209587
unemployment,-0.033758600491591115
