feature,importance
Consumption,0.3737634793302157
TradeBalance,0.24938295427693274
Investment,0.23549927354557804
inflation,-4.2796131886735365e-06
unemployment,-0.00042703531447406683
